age,fare,age_na,fare_na,pclass_2,pclass_3,sex_male,sibsp_1,parch_1,parch_2,embarked_Q,embarked_S,title_Mr,title_Mrs,cabin_Missing
-0.41763944871376074,-0.4312831824433985,0,0,0,1,1,0,0,0,0,1,1,0,1
-0.1334951904812765,-0.43628360021291346,1,0,0,1,1,0,0,0,1,0,1,0,1
-1.0806427179228906,-0.4351958724038953,0,0,0,1,0,0,0,0,0,1,0,0,1
-0.038780437737115085,-0.09022704088675919,0,0,1,0,1,1,0,0,0,1,1,0,1
1.571370358913629,0.0401959577964681,0,0,1,0,1,0,0,0,0,1,1,0,1
0.6242228314720148,2.8999367061040404,0,0,0,0,0,0,0,0,0,0,0,0,0
-0.7964984596904064,-0.4358479873973115,0,0,0,1,1,0,0,0,1,0,1,0,1
-0.701783706946245,-0.4280226074763178,0,0,0,1,1,0,0,0,0,1,1,0,1
-0.1334951904812765,-0.43204485275570853,1,0,0,1,1,0,0,0,0,1,1,0,1
-1.838360739876182,-0.008060551716326036,0,0,0,1,0,0,0,1,0,1,0,0,1
-0.1334951904812765,-0.6380036353563138,1,0,0,0,1,0,0,0,0,1,1,0,1
-0.1334951904812765,-0.4358479873973115,1,0,0,1,0,0,0,1,1,0,0,0,1
0.5295080787278534,-0.4358479873973115,0,0,0,1,0,0,0,0,1,0,0,0,1
-0.038780437737115085,-0.43312997210475307,0,0,0,1,1,0,0,0,0,1,1,0,1
0.6242228314720148,-0.43204485275570853,0,0,0,1,1,0,0,0,0,1,1,0,1
0.5295080787278534,-0.4521508622327149,0,0,0,1,1,0,0,0,0,1,1,0,1
-2.5013640090853118,0.44657315401361497,0,0,1,0,0,1,0,1,0,0,0,0,1
-0.701783706946245,-0.40422041021662886,0,0,0,1,0,0,0,0,0,1,0,0,1
-0.1334951904812765,-0.44943284694015645,1,0,0,1,1,0,0,0,0,0,1,0,1
0.24536382049536917,-0.2989038387799228,0,0,1,0,0,0,0,0,0,1,0,1,1
-0.1334951904812765,-0.43247785711133685,1,0,0,1,0,0,0,0,1,0,0,0,1
1.7607998644019518,1.057495347525641,0,0,1,0,0,1,0,1,0,1,0,1,1
-0.1334951904812765,-0.4358479873973115,1,0,0,1,1,0,0,0,1,0,1,0,1
-0.1334951904812765,-0.2180415795963219,1,0,0,1,0,1,0,0,0,1,0,1,1
-1.0806427179228906,-0.43465331272937313,0,0,0,1,1,0,0,0,0,1,1,0,1
1.3819408534253061,-0.4280226074763178,0,0,0,1,1,0,0,0,0,1,1,0,1
-0.9859279651787293,-0.36411533812153646,0,0,1,0,1,0,0,0,0,1,1,0,1
0.055934315007046334,-0.4389990070454982,0,0,0,1,0,0,0,0,1,0,0,0,1
-0.1334951904812765,-0.47008402455165865,1,0,0,1,1,1,0,0,0,0,1,0,1
-0.5123542014579222,-0.44247869265036677,0,0,0,1,1,0,0,0,0,1,1,0,1
-1.9330754926203435,-0.2403230446913645,0,0,0,1,0,1,1,0,0,0,0,0,1
-0.038780437737115085,-0.4542167625318572,0,0,0,1,1,1,0,0,0,1,1,0,1
2.4238031336110817,2.8999367061040404,0,0,0,0,0,0,0,0,0,0,0,1,0
0.6242228314720148,-0.3901999378581819,0,0,0,1,1,0,0,0,0,1,1,0,1
-0.1334951904812765,-0.4280226074763178,1,0,0,1,0,0,0,0,0,1,0,0,1
-0.038780437737115085,-0.4312831824433985,0,0,0,1,1,0,0,0,0,1,1,0,1
1.4766556061694676,0.9114215890004262,0,0,0,0,0,0,1,0,0,0,0,1,1
-0.1334951904812765,0.0382396128162197,1,0,0,0,1,0,0,0,0,1,1,0,1
-0.1334951904812765,-0.4351958724038953,1,0,0,1,1,0,0,0,0,1,1,0,1
3.086806402820212,-0.36411533812153646,0,0,1,0,1,0,0,0,0,1,1,0,1
-0.1334951904812765,-0.4495424022590504,1,0,0,1,1,0,0,0,0,0,1,0,1
-0.22820994322543792,-0.09022704088675919,0,0,1,0,0,1,0,0,0,1,0,1,1
-0.8912132124345679,-0.4120457901376225,0,0,0,1,1,0,0,0,0,1,1,0,1
0.055934315007046334,0.5488456526610545,0,0,0,0,1,0,0,0,0,1,1,0,1
0.8136523369603377,5.296894919723944,0,0,0,0,0,0,0,0,0,0,0,0,0
-0.8912132124345679,-0.4312831824433985,0,0,0,1,1,1,0,0,0,1,1,0,1
0.6242228314720148,1.4187670538781805,0,0,0,0,1,1,0,0,0,1,1,0,0
-1.0332853415508099,-0.4480216700944039,0,0,0,1,0,0,0,0,1,0,0,0,1
-0.9859279651787293,-0.2989038387799228,0,0,1,0,1,0,0,0,0,1,1,0,1
-0.5123542014579222,0.32723611021846194,0,0,1,0,0,1,1,0,0,0,0,1,1
-0.5123542014579222,-0.43312997210475307,0,0,0,1,1,0,0,0,0,1,1,0,1
-0.8912132124345679,-0.43312997210475307,0,0,0,1,1,0,0,0,0,1,1,0,1
-0.41763944871376074,-0.2989038387799228,0,0,1,0,1,0,0,0,0,1,1,0,1
-0.41763944871376074,-0.36411533812153646,0,0,1,0,1,0,0,0,0,1,1,0,1
-0.1334951904812765,-0.43204485275570853,0,0,0,1,1,0,0,0,0,1,1,0,1
-1.2700722234112134,-0.43628360021291346,0,0,0,1,0,0,0,0,1,0,0,0,1
1.1925113479369833,0.20974585608466356,0,0,1,0,1,1,1,0,0,1,1,0,1
-0.1334951904812765,-0.4358479873973115,1,0,0,1,0,0,0,0,1,0,0,0,1
1.4766556061694676,-0.4280226074763178,0,0,0,1,1,0,0,0,0,1,1,0,1
1.4766556061694676,3.662478244045292,0,0,0,0,0,1,1,0,0,1,0,1,1
1.9502293698902746,0.0401959577964681,0,0,1,0,0,0,1,0,0,1,0,1,1
1.097796595192822,-0.11076866317936752,0,0,0,1,0,0,0,1,0,1,0,1,1
-0.1334951904812765,-0.43204485275570853,1,0,0,1,1,0,0,0,0,1,1,0,1
-0.6070689542020836,-0.36411533812153646,0,0,1,0,1,1,0,0,0,1,1,0,1
-2.6986832534772236,0.08584400733559765,0,0,1,0,0,1,0,1,0,1,0,0,1
-0.1334951904812765,0.8356666944452608,1,0,0,1,1,0,0,0,0,1,1,0,1
-0.1334951904812765,0.8356666944452608,1,0,0,1,1,0,0,0,0,1,1,0,1
-0.701783706946245,-0.43204485275570853,0,0,0,1,1,0,0,0,0,1,1,0,1
-0.32292469596959933,-0.14793921780408723,0,0,0,1,1,0,0,0,0,0,1,0,1
-1.175357470667052,-0.4120457901376225,0,0,0,1,1,0,0,0,0,1,1,0,1
-0.1334951904812765,-0.4280226074763178,1,0,0,1,1,0,0,0,0,1,1,0,1
2.8973768973318887,0.379295754372859,0,0,1,0,1,1,1,0,0,1,1,0,1
-1.0806427179228906,-0.11076866317936752,0,0,0,1,1,1,1,0,0,1,1,0,1
-0.32292469596959933,-0.06349032615669763,0,0,0,1,0,1,1,0,0,1,0,1,1
-0.5123542014579222,0.0401959577964681,0,0,1,0,0,1,0,0,0,1,0,1,1
-0.1334951904812765,-0.44943284694015645,1,0,0,1,1,0,0,0,0,0,1,0,1
-0.7964984596904064,-0.4280226074763178,0,0,0,1,1,0,0,0,0,1,1,0,1
-0.1334951904812765,0.13670897682205627,1,0,0,0,1,0,0,0,0,0,1,0,0
-0.8912132124345679,-0.43312997210475307,0,0,0,1,1,0,0,0,0,1,1,0,1
-0.1334951904812765,-0.3901999378581819,0,0,0,1,1,0,0,0,0,1,1,0,1
-0.038780437737115085,-0.27651542682596003,0,0,1,0,1,0,0,0,0,0,1,0,1
-0.1334951904812765,-0.25977693917495465,1,0,0,1,1,0,0,0,0,1,1,0,1
-0.1334951904812765,-0.44106490734464054,1,0,0,1,1,0,0,0,0,1,1,0,1
2.9447342737039697,-0.260971613842893,0,1,0,1,1,0,0,0,0,1,1,0,1
-0.038780437737115085,0.0401959577964681,0,0,1,0,0,1,0,0,0,1,0,1,1
-2.6907935145736346,-0.3475959611083189,0,0,0,1,0,1,1,0,0,1,0,0,1
0.34007857323953056,-0.43312997210475307,0,0,0,1,1,0,0,0,0,1,1,0,1
0.15064906775120776,-0.09022704088675919,0,0,1,0,0,0,0,0,0,1,0,1,1
-0.1334951904812765,-0.4358479873973115,1,0,0,1,1,0,0,0,1,0,1,0,1
0.34007857323953056,3.3151174547323055,0,0,0,0,0,0,0,0,0,1,0,0,1
-1.5542164816436979,-0.12935394049172738,0,0,1,0,0,0,1,0,0,1,0,0,1
-2.4066492563411503,-0.038057841413468275,0,0,1,0,0,1,1,0,0,1,0,0,1
0.055934315007046334,-0.27651542682596003,0,0,1,0,0,1,0,0,0,0,0,0,1
-0.1334951904812765,-0.4365001023907277,1,0,0,1,1,0,0,0,1,0,1,0,1
-0.701783706946245,-0.4365001023907277,0,0,0,1,0,0,0,0,1,0,0,0,1
-0.1334951904812765,-0.43247785711133685,1,0,0,1,1,0,0,0,1,0,1,0,1
-2.596078761829473,0.0401959577964681,0,0,1,0,0,1,1,0,0,1,0,0,1
1.8555146171461132,2.2543428626220656,0,0,0,0,1,1,1,0,0,0,1,0,0
1.1925113479369833,0.0401959577964681,0,0,1,0,0,1,0,0,0,1,0,1,1
-2.596078761829473,3.3151174547323055,0,0,0,0,0,1,0,1,0,1,0,0,0
-1.0806427179228906,-0.2989038387799228,0,0,1,0,1,0,0,0,0,1,1,0,1
-0.1334951904812765,-0.4280226074763178,1,0,0,1,1,0,0,0,0,1,1,0,1
-0.1334951904812765,0.0401959577964681,0,0,1,0,1,0,0,0,0,1,1,0,1
-0.41763944871376074,-0.2989038387799228,0,0,1,0,1,0,0,0,0,1,1,0,1
-0.5123542014579222,-0.45171524941711294,0,0,0,1,1,0,0,0,0,1,1,0,1
0.055934315007046334,2.1380498916161788,0,0,0,0,0,0,0,0,0,0,0,0,1
-0.1334951904812765,-0.4280226074763178,1,0,0,1,1,0,0,0,0,1,1,0,1
-0.1334951904812765,-0.43247785711133685,1,0,0,1,0,0,0,0,1,0,0,0,1
0.34007857323953056,-0.41226229231543665,0,0,0,1,1,0,0,0,0,1,1,0,1
-0.32292469596959933,-0.260971613842893,0,0,0,1,1,1,0,0,0,0,1,0,1
0.055934315007046334,-0.008060551716326036,0,0,0,1,0,1,1,0,0,1,0,1,1
-1.0806427179228906,-0.038057841413468275,0,0,1,0,0,0,1,0,0,1,0,0,1
0.24536382049536917,-0.43312997210475307,0,0,0,1,1,0,0,0,0,1,1,0,1
-0.41763944871376074,-0.6380036353563138,0,0,0,1,1,0,0,0,0,1,1,0,1
1.1925113479369833,-0.41878344224959807,0,0,0,1,1,0,1,0,0,1,1,0,1
0.055934315007046334,0.08584400733559765,0,0,0,0,1,0,0,0,0,0,1,0,0
-0.1334951904812765,-0.44943284694015645,1,0,0,1,1,0,0,0,0,0,1,0,1
-0.2755673195975186,-0.4495424022590504,0,0,0,1,1,0,0,0,0,0,1,0,1
1.097796595192822,-0.433239527423647,0,0,0,1,1,0,0,0,0,1,1,0,1
-0.1334951904812765,-0.4554114371997956,1,0,0,1,1,0,0,0,0,1,1,0,1
0.24536382049536917,-0.43204485275570853,0,0,0,1,1,0,0,0,0,1,1,0,1
-2.6907935145736346,-0.227387691681962,0,0,0,1,0,0,0,1,0,0,0,0,1
-0.8912132124345679,-0.4312831824433985,0,0,0,1,1,0,0,0,0,1,1,0,1
-0.5123542014579222,-0.4071549276870015,0,0,0,1,0,0,0,0,0,1,0,0,1
2.1396588753785974,-0.2858615389116001,0,0,1,0,1,0,0,0,0,1,1,0,1
0.24536382049536917,-0.22456272953048328,0,0,0,1,1,1,0,0,0,1,1,0,1
-0.7964984596904064,-0.44889028726563424,0,0,0,1,1,0,0,0,0,1,1,0,1
-0.1334951904812765,-0.6380036353563138,1,0,1,0,1,0,0,0,0,1,1,0,1
1.571370358913629,1.3246459926484426,0,0,0,0,1,0,0,0,0,0,1,0,0
3.086806402820212,0.05454248765162312,0,0,0,0,1,0,0,0,0,1,1,0,0
-0.701783706946245,0.44657315401361497,0,0,1,0,0,1,0,1,0,0,0,1,1
-1.0806427179228906,-0.42150145754215645,0,0,0,1,1,0,0,0,0,1,1,0,1
0.15064906775120776,-0.4351958724038953,0,0,0,1,1,0,0,0,0,1,1,0,1
-0.1334951904812765,-0.44943284694015645,1,0,0,1,1,0,0,0,0,0,1,0,1
-0.1334951904812765,-0.6380036353563138,1,0,1,0,1,0,0,0,0,1,1,0,1
0.8136523369603377,1.7096103409417773,0,0,0,0,1,1,0,0,0,1,1,0,0
-1.2700722234112134,-0.3901999378581819,0,0,0,1,1,0,0,0,0,1,1,0,1
-0.1334951904812765,-0.43204485275570853,1,0,0,1,1,0,0,0,0,0,1,0,1
0.6242228314720148,0.08584400733559765,0,0,1,0,1,1,0,1,0,1,1,0,1
-0.701783706946245,-0.44889028726563424,0,0,0,1,0,0,0,0,0,1,0,0,1
-0.1334951904812765,-0.4495424022590504,1,0,0,1,0,0,0,0,0,0,0,1,1
-0.1334951904812765,-0.44889028726563424,1,0,0,1,1,0,0,0,0,1,1,0,1
-0.701783706946245,-0.4032422377265047,0,0,0,1,1,0,0,0,0,1,1,0,1
-0.5123542014579222,-0.44106490734464054,0,0,0,1,1,0,0,0,0,1,1,0,1
0.8136523369603377,-0.45410720721296327,0,0,0,1,1,0,0,0,0,1,1,0,1
0.15064906775120776,-0.4358479873973115,0,0,0,1,1,0,0,0,1,0,1,0,1
-0.1334951904812765,-0.2403230446913645,1,0,0,1,0,0,0,1,0,0,0,1,1
2.044944122634436,0.963048228799195,0,0,0,0,1,0,1,0,0,0,1,0,1
-0.41763944871376074,-0.4351958724038953,0,0,0,1,1,1,0,0,0,1,1,0,1
1.0030818424486605,-0.43204485275570853,0,0,0,1,1,0,0,0,0,1,1,0,1
0.5295080787278534,-0.09022704088675919,0,0,1,0,0,0,0,0,0,1,0,0,1
-1.0806427179228906,-0.44247869265036677,0,0,0,1,0,0,0,0,0,1,0,0,1
1.0030818424486605,3.36500425172864,0,0,0,0,0,0,0,0,0,1,0,0,0
0.6242228314720148,1.3246459926484426,0,0,0,0,1,0,0,0,0,0,1,0,0
-0.8912132124345679,-0.43312997210475307,0,0,0,1,0,0,0,0,0,1,0,0,1
0.24536382049536917,-0.36411533812153646,0,0,1,0,1,0,0,0,0,1,1,0,1
-2.596078761829473,-0.11076866317936752,0,0,0,1,0,1,1,0,0,1,0,0,1
0.24536382049536917,0.8356666944452608,0,0,0,1,1,0,0,0,0,1,1,0,1
-0.1334951904812765,-0.3901999378581819,0,0,0,1,1,0,0,0,0,1,1,0,1
-0.1334951904812765,-0.43628360021291346,1,0,0,1,0,0,0,0,1,0,0,0,1
-0.9859279651787293,-0.43204485275570853,0,0,0,1,1,0,0,0,0,1,1,0,1
-1.2700722234112134,-0.4280226074763178,0,0,0,1,1,0,0,0,0,1,1,0,1
-0.7964984596904064,-0.36411533812153646,0,0,1,0,0,0,0,0,0,1,0,0,1
-0.1334951904812765,-0.6380036353563138,1,0,1,0,1,0,0,0,0,1,1,0,1
-0.5123542014579222,-0.3947647428120949,0,0,0,1,1,0,0,0,0,1,1,0,1
0.24536382049536917,-0.44030323703233054,0,0,0,1,1,0,0,0,0,1,1,0,1
-0.22820994322543792,-0.4312831824433985,0,0,0,1,0,1,0,0,0,1,0,0,1
-0.32292469596959933,-0.10131299577483352,0,0,0,1,1,1,0,1,0,1,1,0,1
-0.1334951904812765,-0.4358479873973115,1,0,0,1,0,0,0,0,1,0,0,0,1
-0.7964984596904064,0.05454248765162312,0,0,0,0,0,0,0,0,0,1,0,0,1
-0.6070689542020836,-0.4280226074763178,0,0,0,1,0,0,0,0,0,1,0,0,1
-0.1334951904812765,-0.43204485275570853,1,0,0,1,1,0,0,0,0,1,1,0,1
-0.1334951904812765,-0.43617404489401956,1,0,0,1,0,0,0,0,1,0,0,0,1
-0.1334951904812765,-0.3901999378581819,1,0,0,1,1,0,0,0,0,1,1,0,1
0.434793325983692,-0.2623853991486192,0,0,0,1,1,1,1,0,0,1,1,0,1
0.055934315007046334,-0.2180415795963219,0,0,0,1,1,1,0,0,0,1,1,0,1
2.99209165007605,-0.31585882860874237,0,0,1,0,1,0,0,0,1,0,1,0,1
-0.1334951904812765,-0.44943284694015645,1,0,0,1,1,0,0,0,0,0,1,0,1
1.4766556061694676,-0.2858615389116001,0,0,1,0,0,0,0,0,0,1,0,1,1
-0.32292469596959933,-0.2180415795963219,0,0,0,1,0,1,0,0,0,1,0,1,1
-0.1334951904812765,-0.23162643913916686,1,0,1,0,1,0,0,0,0,0,1,0,1
-1.2700722234112134,-0.4351958724038953,0,0,0,1,1,0,0,0,0,1,1,0,1
-0.701783706946245,-0.4351958724038953,0,0,0,1,0,0,0,0,0,1,0,0,1
-0.1334951904812765,-0.43204485275570853,1,0,0,1,1,0,0,0,0,0,1,0,1
-0.6070689542020836,-0.2754276990169419,0,0,0,1,1,1,0,0,0,1,1,0,1
-0.1334951904812765,-0.026319771531977836,1,0,0,1,0,1,0,1,0,1,0,0,1
-0.1334951904812765,-0.4358479873973115,1,0,0,1,1,1,0,0,1,0,1,0,1
-0.1334951904812765,-0.4358479873973115,1,0,0,1,1,0,0,0,1,0,1,0,1
-0.1334951904812765,0.2749573554262772,1,0,0,0,1,0,0,0,0,1,1,0,0
-0.8912132124345679,-0.4495424022590504,0,0,0,1,1,0,0,0,0,0,1,0,1
0.34007857323953056,-0.3178151735889908,0,0,1,0,1,0,0,0,0,1,1,0,1
-0.1334951904812765,-0.4351958724038953,0,0,0,1,0,0,0,0,0,1,0,0,1
0.055934315007046334,-0.43204485275570853,0,0,0,1,1,0,0,0,0,1,1,0,1
-0.32292469596959933,-0.43204485275570853,0,0,0,1,1,0,0,0,0,1,1,0,1
-0.1334951904812765,-0.44106490734464054,1,0,0,1,1,0,0,0,0,1,1,0,1
-0.1334951904812765,-0.4358479873973115,1,0,0,1,1,0,0,0,1,0,1,0,1
-0.41763944871376074,-0.3901999378581819,0,0,0,1,1,0,0,0,0,1,1,0,1
0.5295080787278534,0.74708861065956,0,0,0,0,0,1,0,0,0,1,0,1,0
-0.1334951904812765,-0.4280226074763178,1,0,0,1,1,0,0,0,0,1,1,0,1
-0.6070689542020836,-0.2989038387799228,0,0,1,0,1,0,0,0,0,1,1,0,1
-0.5123542014579222,-0.4280226074763178,0,0,0,1,1,0,0,0,0,1,1,0,1
0.8136523369603377,-0.09022704088675919,0,0,1,0,1,1,0,0,0,1,1,0,1
-0.1334951904812765,-0.44889028726563424,0,0,0,1,1,0,0,0,0,1,1,0,1
-0.701783706946245,-0.3813963854470641,0,0,0,1,0,0,0,0,0,1,0,0,1
-0.1334951904812765,-0.2336923394383092,1,0,0,1,1,1,0,0,1,0,1,0,1
0.5295080787278534,-0.43204485275570853,0,0,0,1,1,0,0,0,0,1,1,0,1
-0.1334951904812765,-0.4358479873973115,1,0,0,1,0,0,0,0,1,0,0,0,1
1.0030818424486605,0.379295754372859,0,0,1,0,0,1,1,0,0,1,0,1,1
-0.1334951904812765,0.05454248765162312,1,0,0,0,1,0,0,0,0,1,1,0,1
1.0030818424486605,-0.4495424022590504,0,0,0,1,1,0,0,0,0,0,1,0,1
2.4238031336110817,0.6662263514759591,0,0,0,0,1,0,0,0,0,1,1,0,0
-0.9859279651787293,-0.36411533812153646,0,0,1,0,1,0,0,0,0,1,1,0,1
-0.6070689542020836,-0.43312997210475307,0,0,0,1,1,0,0,0,0,1,1,0,1
-0.701783706946245,-0.4495424022590504,0,0,0,1,1,0,0,0,0,0,1,0,1
-0.701783706946245,-0.31748911609228275,0,0,0,1,0,1,1,0,0,1,0,1,1
1.2872261006811447,-0.4280226074763178,0,0,0,1,1,0,0,0,0,1,1,0,1
-0.701783706946245,2.8999367061040404,0,0,0,0,1,0,0,0,0,0,1,0,1
-0.701783706946245,0.39722891669180277,0,0,0,1,0,0,0,0,0,1,0,0,1
-0.038780437737115085,-0.3906355506737839,0,0,0,1,1,0,0,0,0,1,1,0,1
-0.7964984596904064,-0.4280226074763178,0,0,0,1,1,0,0,0,0,1,1,0,1
0.055934315007046334,-0.09022704088675919,0,0,1,0,1,1,0,0,0,1,1,0,1
-0.1334951904812765,0.39494651421484633,1,0,0,0,1,0,0,0,0,1,1,0,1
-0.7964984596904064,-0.43628360021291346,0,0,0,1,1,0,0,0,1,0,1,0,1
-1.0806427179228906,-0.4280226074763178,0,0,0,1,0,0,0,0,0,1,0,0,1
0.7189375842161763,-0.3879175353812255,0,0,0,1,0,0,0,0,0,1,0,0,1
1.0030818424486605,-0.22717118950414783,0,0,1,0,0,0,0,0,0,1,0,1,1
-0.1334951904812765,-0.09022704088675919,1,0,1,0,0,0,0,0,0,1,0,1,1
-0.1334951904812765,-0.2180415795963219,1,0,0,1,1,1,0,0,0,1,1,0,1
-0.1334951904812765,-0.43204485275570853,1,0,0,1,1,0,0,0,0,1,1,0,1
-1.0806427179228906,-0.338030738384891,0,0,1,0,1,0,0,0,0,1,1,0,1
2.518517886355243,0.05454248765162312,0,0,0,0,1,0,0,0,0,1,1,0,1
0.34007857323953056,-0.3901999378581819,0,0,0,1,1,0,0,0,0,1,1,0,1
-0.9859279651787293,-0.43312997210475307,0,0,0,1,0,1,0,0,0,1,0,0,1
0.9083670897044991,-0.4312831824433985,0,0,0,1,1,0,0,0,0,1,1,0,1
-0.22820994322543792,-0.3475959611083189,0,0,0,1,0,0,0,1,0,1,0,1,1
1.1925113479369833,0.71839555094925,0,0,0,0,1,1,0,0,0,1,1,0,1
-0.038780437737115085,-0.4358479873973115,0,0,0,1,1,0,0,0,1,0,1,0,1
1.7607998644019518,-0.43312997210475307,0,0,0,1,1,0,0,0,0,1,1,0,1
-0.1334951904812765,-0.43204485275570853,1,0,0,1,1,0,0,0,0,1,1,0,1
-0.22820994322543792,-0.4120457901376225,0,0,0,1,1,0,0,0,0,1,1,0,1
-0.22820994322543792,-0.43247785711133685,0,0,0,1,0,0,0,0,1,0,0,0,1
-0.8912132124345679,-0.38172244294377217,0,0,0,1,0,1,0,0,0,1,0,0,1
2.4238031336110817,0.15757665661137266,0,0,0,0,1,0,0,0,0,1,1,0,0
-0.9859279651787293,-0.2989038387799228,0,0,1,0,0,0,0,0,0,1,0,0,1
3.276235908308535,0.0401959577964681,0,0,0,0,1,0,0,0,0,1,1,0,1
-0.1334951904812765,-0.44106490734464054,1,0,0,1,1,0,0,0,0,1,1,0,1
0.15064906775120776,0.04671710773062946,0,0,1,0,1,1,1,0,0,1,1,0,1
0.5295080787278534,1.7096103409417773,0,0,0,0,0,1,0,0,0,1,0,1,0
-0.5123542014579222,-0.2858615389116001,0,0,1,0,1,0,0,0,0,1,1,0,1
-0.6070689542020836,-0.43312997210475307,0,0,0,1,0,0,0,0,0,1,0,0,1
-0.5123542014579222,-0.45410720721296327,0,0,0,1,1,0,0,0,0,1,1,0,1
0.9083670897044991,-0.2989038387799228,0,0,1,0,1,0,0,0,0,1,1,0,1
-0.1334951904812765,-0.4358479873973115,1,0,0,1,1,0,0,0,1,0,1,0,1
0.24536382049536917,-0.4312831824433985,0,0,0,1,1,0,0,0,0,1,1,0,1
-0.038780437737115085,0.0401959577964681,0,0,1,0,1,1,0,0,0,1,1,0,1
0.055934315007046334,0.17061895647969538,0,0,0,0,0,0,0,0,0,0,0,0,1
-0.9859279651787293,-0.4251976453248391,0,0,0,1,1,0,0,0,0,1,1,0,1
-0.1334951904812765,-0.6380036353563138,1,0,1,0,1,0,0,0,0,1,1,0,1
1.0504392188207412,-0.25977693917495465,0,0,0,1,1,0,0,1,0,1,1,0,1
-1.0806427179228906,-0.260971613842893,0,0,0,1,0,0,1,0,0,0,0,0,1
0.7189375842161763,1.7096103409417773,0,0,0,0,0,1,0,0,1,0,0,1,0
1.9502293698902746,-0.4280226074763178,0,0,0,1,1,0,0,0,0,1,1,0,1
-0.41763944871376074,-0.43204485275570853,0,0,0,1,1,0,0,0,0,1,1,0,1
0.15064906775120776,-0.2989038387799228,0,0,1,0,1,0,0,0,0,1,1,0,1
-0.1334951904812765,-0.4358479873973115,1,0,0,1,1,0,0,0,1,0,1,0,1
3.560380166541019,5.147018026557126,0,0,0,0,1,1,0,0,0,1,1,0,0
-0.1334951904812765,-0.43204485275570853,0,0,0,1,1,0,0,0,0,1,1,0,1
-0.22820994322543792,2.9298270489422626,0,0,0,0,1,1,0,0,0,0,1,0,0
2.8026621445877273,-0.2858615389116001,0,0,1,0,1,0,0,0,0,1,1,0,1
-0.1334951904812765,0.05454248765162312,1,0,0,0,1,0,0,0,0,1,1,0,0
-0.6070689542020836,-0.44106490734464054,0,0,0,1,0,0,0,0,0,1,0,0,1
0.15064906775120776,0.32723611021846194,0,0,1,0,1,1,1,0,0,0,1,0,1
-0.1334951904812765,0.71839555094925,1,0,0,0,0,1,0,0,0,1,0,1,0
2.234373628122759,0.07790907209571006,0,0,0,0,0,0,0,0,0,0,0,1,1
-0.701783706946245,-0.44889028726563424,0,0,0,1,1,1,0,0,0,1,1,0,1
-0.1334951904812765,-0.4358479873973115,1,0,0,1,1,0,0,0,1,0,1,0,1
-0.7964984596904064,-0.438456447370976,0,0,0,1,0,0,0,0,0,1,0,0,1
-0.6070689542020836,-0.36411533812153646,0,0,1,0,1,0,0,0,0,1,1,0,1
1.0030818424486605,-0.2989038387799228,0,0,1,0,1,0,0,0,0,1,1,0,1
1.0030818424486605,-0.2989038387799228,0,0,1,0,0,0,0,0,0,1,0,0,1
-0.1334951904812765,-0.44889028726563424,1,0,0,1,1,0,0,0,0,1,1,0,1
-0.41763944871376074,-0.43204485275570853,0,0,0,1,1,0,0,0,0,1,1,0,1
0.6242228314720148,-0.2989038387799228,0,0,1,0,1,0,0,0,0,1,1,0,1
1.5240129825415483,-0.4495424022590504,0,0,0,1,1,0,0,0,0,0,1,0,1
0.24536382049536917,-0.4198711700586161,0,0,0,1,1,0,0,0,0,1,1,0,1
-0.22820994322543792,-0.43465331272937313,0,0,0,1,1,0,0,0,0,1,1,0,1
-0.1334951904812765,-0.27640587150706614,1,0,1,0,1,0,0,0,0,0,1,0,1
-0.9859279651787293,0.0401959577964681,0,0,1,0,0,1,0,0,0,1,0,1,1
-0.41763944871376074,-0.45410720721296327,0,0,0,1,1,0,0,0,0,1,1,0,1
0.055934315007046334,-0.2989038387799228,0,0,1,0,1,0,0,0,0,1,1,0,1
-0.1334951904812765,0.17061895647969538,1,0,0,0,1,0,0,0,0,1,1,0,1
-0.1334951904812765,-0.0504480262883749,0,0,0,1,1,0,0,0,0,1,1,0,1
-0.1334951904812765,-0.25977693917495465,1,0,0,1,0,0,0,0,0,1,0,1,1
1.8555146171461132,1.057495347525641,0,0,1,0,1,1,0,1,0,1,1,0,1
0.10329169137912704,-0.4358479873973115,0,0,0,1,0,0,0,0,1,0,0,0,1
-0.1334951904812765,-0.4358479873973115,1,0,0,1,0,0,0,0,1,0,0,0,1
0.055934315007046334,-0.2989038387799228,0,0,1,0,1,0,0,0,0,1,1,0,1
0.055934315007046334,-0.2989038387799228,0,0,1,0,1,0,0,0,0,1,1,0,1
-0.1334951904812765,-0.026319771531977836,1,0,0,1,1,1,0,1,0,1,1,0,1
-0.8912132124345679,-0.44943284694015645,0,0,0,1,1,0,0,0,0,0,1,0,1
-1.364786976155375,0.379295754372859,0,0,1,0,0,0,0,1,0,1,0,0,1
0.6715802078440956,-0.18413159993868286,0,0,0,1,1,1,0,0,0,1,1,0,1
0.055934315007046334,-0.4280226074763178,0,0,0,1,1,0,0,0,0,1,1,0,1
-0.6070689542020836,-0.2989038387799228,0,0,1,0,1,0,0,0,0,1,1,0,1
-2.596078761829473,-0.31748911609228275,0,0,0,1,0,0,1,0,0,1,0,0,1
-0.22820994322543792,4.878889208944201,0,0,0,0,1,0,0,1,0,0,1,0,0
-0.1334951904812765,-0.2180415795963219,1,0,0,1,0,1,0,0,0,1,0,1,1
1.3819408534253061,0.0401959577964681,0,0,1,0,1,1,0,0,0,1,1,0,1
0.8136523369603377,-0.4120457901376225,0,0,0,1,1,0,0,0,0,1,1,0,1
-0.22820994322543792,-0.4495424022590504,0,0,0,1,1,0,0,0,0,0,1,0,1
1.8555146171461132,1.6862437564976906,0,0,0,0,1,1,0,0,0,0,1,0,0
-0.9859279651787293,-0.25977693917495465,0,0,0,1,1,0,0,0,0,1,1,0,1
-1.0806427179228906,-0.4358479873973115,0,0,0,1,1,0,0,0,0,1,1,0,1
-0.32292469596959933,-0.2989038387799228,0,0,1,0,1,0,0,0,0,1,1,0,1
0.434793325983692,-0.038057841413468275,0,0,1,0,0,0,1,0,0,1,0,1,1
-0.1334951904812765,-0.4337820870981692,1,0,0,1,1,0,0,0,1,0,1,0,1
0.24536382049536917,-0.2989038387799228,0,0,1,0,1,0,0,0,0,1,1,0,1
-0.9859279651787293,-0.37270238835484015,0,0,0,1,1,0,0,0,0,1,1,0,1
-0.41763944871376074,-0.4351958724038953,0,0,0,1,0,0,0,0,0,1,0,0,1
-1.175357470667052,2.2026092759643765,0,0,0,0,0,1,0,0,0,0,0,1,0
-0.1334951904812765,-0.4107415601507902,1,0,0,1,1,0,0,0,0,0,1,0,1
1.571370358913629,1.4278966637860067,0,0,0,0,1,0,0,0,0,0,1,0,1
-0.1334951904812765,-0.4358479873973115,1,0,0,1,1,0,0,0,1,0,1,0,1
1.4766556061694676,6.205943220546038,0,0,0,0,0,0,0,0,0,0,0,0,1
0.34007857323953056,0.08584400733559765,0,0,1,0,0,1,0,1,0,1,0,1,1
-0.701783706946245,-0.3941126278186788,0,0,0,1,1,0,0,0,0,1,1,0,1
-2.6907935145736346,-0.3202071313848412,0,0,0,1,0,1,1,0,0,1,0,0,1
-0.9859279651787293,-0.43247785711133685,0,0,0,1,0,0,0,0,1,0,0,0,1
-0.1334951904812765,-0.4280226074763178,0,0,0,1,1,0,0,0,0,1,1,0,1
0.6242228314720148,-0.6380036353563138,0,0,0,1,1,0,0,0,0,1,1,0,1
0.15064906775120776,0.04671710773062946,0,0,1,0,0,1,1,0,0,1,0,1,1
-0.32292469596959933,-0.43226135493352275,0,0,0,1,1,0,0,0,0,1,1,0,1
-1.2700722234112134,-0.438456447370976,0,0,0,1,0,0,0,0,0,1,0,0,1
-1.6489312343878593,-0.22717118950414783,0,0,1,0,0,0,0,0,0,1,0,0,1
0.15064906775120776,-0.43628360021291346,0,0,0,1,1,0,0,0,1,0,1,0,1
1.571370358913629,0.0401959577964681,0,0,0,0,1,0,0,0,0,1,1,0,1
-0.32292469596959933,-0.43204485275570853,0,0,0,1,1,0,0,0,0,1,1,0,1
-1.175357470667052,-0.4120457901376225,0,0,0,1,1,0,0,0,0,1,1,0,1
-0.701783706946245,-0.4521508622327149,0,0,0,1,1,0,0,0,0,1,1,0,1
-0.1334951904812765,-0.4280226074763178,1,0,0,1,0,0,0,0,0,1,0,1,1
-1.2700722234112134,-0.4358479873973115,0,0,0,1,0,0,0,0,1,0,0,0,1
0.29272119686744985,-0.3901999378581819,0,0,0,1,1,0,0,0,0,1,1,0,1
3.086806402820212,0.05454248765162312,0,0,0,0,1,0,0,0,0,1,1,0,1
-1.2700722234112134,-0.4280226074763178,0,0,0,1,1,0,0,0,0,1,1,0,1
-2.5013640090853118,-0.2786882739840226,0,0,0,1,0,1,1,0,0,1,0,0,1
0.8136523369603377,3.36500425172864,0,0,0,0,1,0,1,0,0,1,1,0,0
2.8973768973318887,0.0401959577964681,0,0,1,0,0,1,0,0,0,1,0,1,1
-0.7964984596904064,-0.43465331272937313,0,0,0,1,1,0,0,0,0,1,1,0,1
1.6660851116577904,-0.25977693917495465,0,0,0,1,0,1,0,0,0,1,0,1,1
-0.0861378141091958,-0.2180415795963219,0,0,0,1,1,0,0,0,0,1,1,0,1
-1.175357470667052,-0.4120457901376225,0,0,0,1,1,0,0,0,0,1,1,0,1
-0.1334951904812765,-0.4337820870981692,1,0,0,1,0,0,0,0,1,0,0,0,1
0.434793325983692,-0.2989038387799228,0,0,1,0,0,0,0,0,0,1,0,0,1
-0.1334951904812765,-0.4358479873973115,1,0,0,1,1,0,0,0,1,0,1,0,1
-0.41763944871376074,-0.4495424022590504,0,0,0,1,1,0,0,0,0,0,1,0,1
-0.6544263305741643,-0.4495424022590504,0,0,0,1,1,0,0,0,0,0,1,0,1
-0.1334951904812765,-0.36411533812153646,0,0,1,0,1,0,0,0,0,1,1,0,1
-0.1334951904812765,-0.2403230446913645,1,0,0,1,0,0,0,1,0,0,0,1,1
-0.038780437737115085,0.08508233702328762,0,0,1,0,1,1,0,0,0,0,1,0,1
-0.1334951904812765,-0.4280226074763178,1,0,0,1,1,0,0,0,0,1,1,0,1
0.15064906775120776,3.662478244045292,0,0,0,0,0,0,0,1,0,1,0,0,0
-0.1334951904812765,-0.4280226074763178,1,0,0,1,1,0,0,0,0,1,1,0,1
0.34007857323953056,-0.4120457901376225,0,0,0,1,1,0,0,0,0,0,1,0,1
-0.1334951904812765,-0.36411533812153646,0,0,1,0,1,0,0,0,0,1,1,0,1
-0.1334951904812765,-0.260971613842893,1,0,0,1,1,1,0,0,0,0,1,0,1
-0.7964984596904064,-0.2180415795963219,0,0,0,1,1,0,0,0,0,1,1,0,1
-0.9859279651787293,0.32060540496540674,0,0,1,0,1,1,1,0,0,1,1,0,1
-0.7964984596904064,-0.4351958724038953,0,0,0,1,1,0,0,0,0,1,1,0,1
-0.6070689542020836,-0.4312831824433985,0,0,0,1,0,0,0,0,0,1,0,0,1
-1.0806427179228906,1.2792144452871275,0,0,1,0,1,0,0,0,0,1,1,0,1
1.3819408534253061,-0.4312831824433985,0,0,0,1,1,0,0,0,0,1,1,0,1
0.434793325983692,-0.4280226074763178,0,0,0,1,1,0,0,0,0,1,1,0,1
2.044944122634436,-0.45399765189406943,0,0,0,1,1,0,0,0,0,1,1,0,1
-1.2700722234112134,-0.10979049068924328,0,0,0,1,1,1,1,0,0,1,1,0,1
-0.41763944871376074,0.0401959577964681,0,0,1,0,1,1,0,0,0,1,1,0,1
-0.9859279651787293,-0.43204485275570853,0,0,0,1,1,0,0,0,0,1,1,0,1
-0.32292469596959933,0.14453435674304993,0,0,0,0,1,0,0,0,0,0,1,0,0
-0.038780437737115085,-0.36411533812153646,0,0,1,0,1,0,0,0,0,1,1,0,1
0.055934315007046334,-0.30575104621079224,0,0,1,0,1,0,0,0,0,0,1,0,1
-0.22820994322543792,0.0401959577964681,0,0,1,0,1,1,0,0,0,1,1,0,1
-0.1334951904812765,-0.43204485275570853,1,0,0,1,1,0,0,0,0,1,1,0,1
-1.175357470667052,-0.43628360021291346,0,0,0,1,0,0,0,0,1,0,0,0,1
-0.1334951904812765,-0.43204485275570853,1,0,0,1,1,0,0,0,0,1,1,0,1
0.434793325983692,-0.09022704088675919,0,0,1,0,1,1,0,0,0,1,1,0,1
-0.32292469596959933,-0.43312997210475307,0,0,0,1,0,0,0,0,0,1,0,0,1
1.0030818424486605,-0.22065003956998647,0,0,1,0,1,0,0,0,0,1,1,0,1
-0.7964984596904064,-0.4358479873973115,0,0,0,1,0,0,0,0,1,0,0,0,1
-1.0806427179228906,-0.4358479873973115,0,0,0,1,1,0,0,0,0,1,1,0,1
-0.1334951904812765,-0.2989038387799228,0,0,1,0,1,0,0,0,0,1,1,0,1
1.1925113479369833,0.05454248765162312,0,0,0,0,1,0,0,0,0,1,1,0,1
-0.7964984596904064,-0.2989038387799228,0,0,1,0,1,0,0,0,0,1,1,0,1
-0.1334951904812765,-0.26086466698397276,1,0,0,1,0,1,0,0,0,0,0,1,1
-0.701783706946245,-0.4495424022590504,0,0,0,1,1,0,0,0,0,0,1,0,1
-0.22820994322543792,-0.27651542682596003,0,0,1,0,0,1,0,0,0,0,0,0,1
-0.1334951904812765,-0.4358479873973115,1,0,0,1,0,0,0,0,1,0,0,0,1
1.097796595192822,-0.4521508622327149,0,0,0,1,1,0,0,0,0,1,1,0,1
2.4238031336110817,-0.22065003956998647,0,0,1,0,0,0,0,0,0,1,0,1,1
0.055934315007046334,-0.45671566718662787,0,0,0,1,0,0,0,0,1,0,0,0,1
0.29272119686744985,4.878889208944201,0,0,0,0,1,0,0,0,0,0,1,0,0
-0.701783706946245,-0.43465331272937313,0,0,0,1,1,0,0,0,0,1,1,0,1
-0.5123542014579222,-0.25977693917495465,0,0,1,0,0,0,0,1,0,1,0,1,1
-0.701783706946245,-0.4418265776569506,0,0,0,1,1,0,0,0,0,1,1,0,1
-1.0806427179228906,-0.4685632923870122,0,0,0,1,1,1,0,0,0,1,1,0,1
-0.1334951904812765,-0.43204485275570853,0,0,0,1,0,0,0,0,0,1,0,0,1
-0.8912132124345679,-0.45410720721296327,0,0,0,1,1,0,0,0,0,1,1,0,1
1.9502293698902746,2.1380498916161788,0,0,0,0,1,1,0,0,0,0,1,0,0
-0.41763944871376074,-0.17369776004402462,0,0,0,1,1,1,0,0,0,1,1,0,1
-1.175357470667052,-0.2180415795963219,0,0,0,1,0,0,1,0,0,1,0,0,1
0.055934315007046334,-0.2989038387799228,0,0,1,0,1,0,0,0,0,1,1,0,1
-0.1334951904812765,-0.4358479873973115,1,0,0,1,0,0,0,0,1,0,0,0,1
0.5295080787278534,-0.4280226074763178,0,0,0,1,1,0,0,0,0,1,1,0,1
-0.32292469596959933,-0.2786882739840226,0,0,0,1,0,0,0,1,0,1,0,1,1
-1.0806427179228906,-0.2989038387799228,0,0,1,0,0,0,0,1,0,1,0,0,1
1.0030818424486605,-0.2336923394383092,0,0,0,1,1,1,1,0,1,0,1,0,1
-0.5123542014579222,0.08508233702328762,0,0,1,0,0,1,0,0,0,0,0,1,1
-0.1334951904812765,-0.4280226074763178,1,0,0,1,0,0,0,0,0,1,0,0,1
-0.1334951904812765,-0.2858615389116001,0,0,1,0,1,0,0,0,0,1,1,0,1
-0.1334951904812765,0.1884425634797452,1,0,0,0,0,0,0,0,0,1,0,1,1
1.1925113479369833,-0.2989038387799228,0,0,1,0,1,0,0,0,0,1,1,0,1
-0.1334951904812765,-0.008060551716326036,1,0,0,1,1,1,0,0,1,0,1,0,1
-0.1334951904812765,-0.6380036353563138,1,0,0,0,1,0,0,0,0,1,1,0,1
-0.1334951904812765,-0.26086466698397276,1,0,0,1,1,0,0,0,0,0,1,0,1
-0.41763944871376074,-0.36411533812153646,0,0,1,0,1,0,0,0,0,1,1,0,1
-0.22820994322543792,-0.4312831824433985,0,0,0,1,0,0,0,0,0,1,0,0,1
-0.6070689542020836,1.53114733492357,0,0,0,0,0,0,1,0,0,0,0,1,0
0.15064906775120776,-0.43312997210475307,0,0,0,1,0,0,0,0,0,1,0,0,1
0.24536382049536917,-0.0504480262883749,0,0,0,1,1,0,0,0,0,1,1,0,1
-0.32292469596959933,0.0401959577964681,0,0,1,0,0,1,1,0,0,1,0,1,1
-0.1334951904812765,-0.43465331272937313,0,0,0,1,1,0,0,0,0,1,1,0,1
-0.1334951904812765,-0.44106490734464054,1,0,0,1,0,0,0,0,0,1,0,0,1
2.4238031336110817,0.9114215890004262,0,0,0,0,1,1,0,0,0,0,1,0,1
1.6660851116577904,-0.4554114371997956,0,0,0,1,0,1,0,0,0,1,0,1,1
-0.1334951904812765,-0.0504480262883749,0,0,0,1,1,0,0,0,0,1,1,0,1
-0.1334951904812765,-0.4358479873973115,1,0,0,1,1,0,0,0,1,0,1,0,1
-0.9859279651787293,-0.2180415795963219,0,0,0,1,0,1,0,0,0,1,0,1,1
-0.1334951904812765,-0.4280226074763178,1,0,0,1,1,0,0,0,0,1,1,0,1
1.3819408534253061,0.0401959577964681,0,0,1,0,0,1,0,0,0,1,0,1,1
0.34007857323953056,0.05454248765162312,0,0,0,0,1,0,0,0,0,1,1,0,1
2.8026621445877273,-0.44889028726563424,0,0,0,1,1,0,0,0,0,1,1,0,1
-0.8912132124345679,-0.3811798832692499,0,0,0,1,1,0,0,0,0,1,1,0,1
-0.32292469596959933,-0.36411533812153646,0,0,1,0,1,0,0,0,0,1,1,0,1
-0.7964984596904064,-0.43465331272937313,0,0,0,1,1,0,0,0,0,1,1,0,1
-0.1334951904812765,-0.4495424022590504,1,0,0,1,1,0,0,0,0,0,1,0,1
-0.6070689542020836,-0.43204485275570853,0,0,0,1,1,0,0,0,0,1,1,0,1
0.055934315007046334,3.3151174547323055,0,0,0,0,1,1,0,1,0,1,1,0,0
-0.1334951904812765,1.6862437564976906,1,0,0,0,0,1,0,0,0,0,0,1,0
0.6242228314720148,-0.2989038387799228,0,0,1,0,0,0,0,0,0,1,0,0,1
1.7607998644019518,0.71839555094925,0,0,0,0,1,1,0,0,0,1,1,0,0
-1.0806427179228906,-0.4120457901376225,0,0,0,1,1,0,0,0,0,1,1,0,1
-0.1334951904812765,-0.4263923199927775,1,0,0,1,0,0,0,0,0,1,0,1,1
-0.1334951904812765,-0.4280226074763178,1,0,0,1,1,0,0,0,0,1,1,0,1
3.1815211555643734,-0.3879175353812255,0,0,0,1,0,0,0,0,0,1,0,1,1
-0.22820994322543792,-0.43312997210475307,0,0,0,1,1,0,0,0,0,1,1,0,1
0.34007857323953056,-0.4351958724038953,0,0,0,1,1,0,0,0,0,1,1,0,1
-0.5123542014579222,-0.2180415795963219,0,0,0,1,1,1,0,0,0,1,1,0,1
-1.0806427179228906,2.2026092759643765,0,0,0,0,1,1,0,0,0,0,1,0,0
-0.038780437737115085,1.0992307071042735,0,0,0,0,1,1,0,0,0,1,1,0,0
-0.1334951904812765,-0.11718025779463495,1,0,0,1,1,1,0,0,0,1,1,0,1
-0.038780437737115085,0.0401959577964681,0,0,1,0,0,1,0,0,0,1,0,1,1
-0.1334951904812765,-0.22456272953048328,0,0,0,1,1,1,0,0,0,1,1,0,1
-0.7964984596904064,-0.338030738384891,0,0,1,0,1,1,0,0,0,1,1,0,1
-0.1334951904812765,-0.05479632906447367,1,0,0,1,0,0,0,1,0,0,0,1,1
0.5295080787278534,-0.10979049068924328,0,0,0,1,0,1,1,0,0,1,0,1,1
1.1925113479369833,-0.2989038387799228,0,0,1,0,1,0,0,0,0,1,1,0,1
-0.9859279651787293,-0.43204485275570853,0,0,0,1,1,0,0,0,0,1,1,0,1
-0.8912132124345679,-0.227387691681962,0,0,0,1,1,1,1,0,0,0,1,0,1
-0.32292469596959933,0.11844975700640446,0,0,1,0,1,1,1,0,0,1,1,0,1
-0.1334951904812765,5.296894919723944,1,0,0,0,1,0,0,0,0,0,1,0,1
-1.175357470667052,-0.26086466698397276,0,0,0,1,0,0,0,0,0,0,0,0,1
-0.41763944871376074,-0.43465331272937313,0,0,0,1,1,0,0,0,0,1,1,0,1
0.24536382049536917,-0.4351958724038953,0,0,0,1,1,0,0,0,0,1,1,0,1
0.15064906775120776,-0.09022704088675919,0,0,1,0,0,0,0,0,0,1,0,0,1
0.7189375842161763,0.74708861065956,0,0,0,0,1,1,0,0,0,1,1,0,0
0.434793325983692,0.05454248765162312,0,0,0,0,1,0,0,0,0,1,1,0,1
-0.1334951904812765,-0.4358479873973115,1,0,0,1,1,0,0,0,1,0,1,0,1
1.4766556061694676,1.5394083276601656,0,0,0,0,1,1,0,0,0,1,1,0,0
0.6242228314720148,-0.44247869265036677,0,0,0,1,1,0,0,0,0,1,1,0,1
-0.1334951904812765,-0.4280226074763178,1,0,0,1,1,0,0,0,0,1,1,0,1
-0.5123542014579222,-0.36411533812153646,0,0,1,0,1,0,0,0,0,1,1,0,1
1.4766556061694676,-0.26999427689179867,0,0,0,1,0,1,0,0,0,1,0,1,1
1.8555146171461132,-0.6380036353563138,0,0,0,1,1,0,0,0,0,1,1,0,1
-0.9859279651787293,-0.46193258713395696,0,0,0,1,1,0,0,0,1,0,1,0,1
-1.4595017288995364,-0.34476839049686653,0,0,0,1,0,1,0,0,0,0,0,0,1
1.097796595192822,-0.12935394049172738,0,0,1,0,0,0,1,0,0,1,0,1,1
-0.1334951904812765,-0.45910762498247826,1,0,0,1,1,0,0,0,1,0,1,0,1
-0.32292469596959933,-0.4351958724038953,0,0,0,1,1,0,0,0,0,1,1,0,1
-0.41763944871376074,-0.4351958724038953,0,0,0,1,1,1,0,0,0,1,1,0,1
1.4766556061694676,0.14453435674304993,0,0,1,0,0,0,0,1,0,1,0,1,1
-0.1334951904812765,-0.4358479873973115,1,0,0,1,1,1,0,0,1,0,1,0,1
-0.1334951904812765,0.05454248765162312,0,0,0,0,1,0,0,0,0,1,1,0,0
0.8136523369603377,-0.2989038387799228,0,0,1,0,0,0,0,0,0,1,0,0,1
-0.038780437737115085,0.0401959577964681,0,0,1,0,0,1,0,0,0,1,0,1,1
-0.8912132124345679,0.0401959577964681,0,0,1,0,0,1,0,0,0,1,0,0,1
1.4766556061694676,-0.45606355219321176,0,0,0,1,1,0,0,0,0,1,1,0,1
-0.5123542014579222,1.53114733492357,0,0,0,0,0,0,0,0,0,0,0,0,0
1.097796595192822,-0.24553996463869357,0,0,1,0,1,0,0,0,0,0,1,0,1
0.34007857323953056,0.0401959577964681,0,0,1,0,0,0,0,1,0,1,0,1,1
-1.0806427179228906,-0.3941126278186788,0,0,0,1,0,0,1,0,0,1,0,1,1
-0.41763944871376074,3.3151174547323055,0,0,0,0,0,1,0,1,0,1,0,1,0
2.3290883808669203,0.8081709178628625,0,0,0,0,1,1,0,0,0,0,1,0,0
-0.22820994322543792,-0.4120457901376225,0,0,0,1,1,0,0,0,0,1,1,0,1
0.6242228314720148,-0.008060551716326036,0,0,0,1,1,1,1,0,0,1,1,0,1
0.434793325983692,0.20974585608466356,0,0,1,0,0,1,1,0,0,1,0,1,1
-0.1334951904812765,-0.30803344868774873,0,0,1,0,0,0,0,0,0,1,0,1,1
-0.1334951904812765,-0.2336923394383092,1,0,0,1,1,1,0,0,1,0,1,0,1
-0.1334951904812765,-0.6380036353563138,1,0,1,0,1,0,0,0,0,1,1,0,1
-0.701783706946245,-0.09022704088675919,0,0,1,0,0,0,0,0,0,1,0,1,1
-0.1334951904812765,-0.2336923394383092,1,0,0,1,0,0,0,0,1,0,0,0,1
-0.038780437737115085,-0.4312831824433985,0,0,0,1,0,0,0,0,0,1,0,0,1
-0.5123542014579222,-0.43465331272937313,0,0,0,1,1,0,0,0,0,1,1,0,1
-0.1334951904812765,-0.4280226074763178,1,0,0,1,1,0,0,0,0,1,1,0,1
0.24536382049536917,-0.4358479873973115,0,0,0,1,1,0,0,0,1,0,1,0,1
-0.5597115778300029,-0.44943284694015645,0,0,0,1,1,0,0,0,0,0,1,0,1
0.9083670897044991,-0.2989038387799228,0,0,1,0,1,0,0,0,0,1,1,0,1
-0.9859279651787293,0.0401959577964681,0,0,1,0,0,0,0,0,0,1,0,1,1
-0.5123542014579222,-0.44889028726563424,0,0,0,1,1,0,0,0,1,0,1,0,1
-0.1334951904812765,-0.026319771531977836,1,0,0,1,0,1,0,1,0,1,0,1,1
-0.32292469596959933,1.4187670538781805,0,0,0,0,0,0,0,0,0,1,0,0,1
-0.7964984596904064,-0.4495424022590504,0,0,0,1,1,0,0,0,0,0,1,0,1
-1.9330754926203435,-0.2403230446913645,0,0,0,1,0,1,1,0,0,0,0,0,1
-0.1334951904812765,-0.008060551716326036,1,0,0,1,1,0,0,0,1,0,1,0,1
0.34007857323953056,-0.43204485275570853,0,0,0,1,1,0,0,0,0,0,1,0,1
-0.7964984596904064,-0.43312997210475307,0,0,0,1,1,0,0,0,0,1,1,0,1
-0.1334951904812765,-0.43204485275570853,1,0,0,1,1,0,0,0,0,1,1,0,1
-0.1334951904812765,0.8356666944452608,1,0,0,1,1,0,0,0,0,1,1,0,1
1.9502293698902746,-0.36411533812153646,0,0,1,0,0,0,0,0,0,1,0,0,1
0.5295080787278534,0.71839555094925,0,0,0,0,0,1,0,0,0,1,0,1,1
-1.0806427179228906,-0.17369776004402462,0,0,0,1,0,1,0,0,0,1,0,1,1
1.4766556061694676,-0.260971613842893,0,0,0,1,0,0,1,0,0,0,0,1,1
0.24536382049536917,0.0401959577964681,0,0,1,0,1,1,0,0,0,1,1,0,1
-0.1334951904812765,0.08508233702328762,1,0,0,0,0,0,0,0,0,0,0,1,1
-0.1334951904812765,-0.4280226074763178,1,0,0,1,1,0,0,0,0,1,1,0,1
-1.175357470667052,0.5905810122396873,0,0,0,0,1,0,0,0,0,1,1,0,1
-1.0806427179228906,-0.338030738384891,0,0,1,0,1,0,0,0,0,1,1,0,1
-1.7436459871320207,-0.14793921780408723,0,0,0,1,1,0,0,0,0,0,1,0,1
-0.1334951904812765,-0.4358479873973115,1,0,0,1,1,0,0,0,1,0,1,0,1
-0.7964984596904064,-0.4120457901376225,0,0,0,1,1,0,0,0,0,1,1,0,1
0.15064906775120776,-0.10261722576166582,0,0,0,1,0,1,1,0,0,1,0,1,1
0.6242228314720148,-0.3202071313848412,0,0,0,1,0,0,0,1,0,1,0,1,1
-0.5123542014579222,1.057495347525641,0,0,1,0,0,1,0,1,0,1,0,0,1
-0.32292469596959933,-0.4351958724038953,0,0,0,1,1,0,0,0,0,1,1,0,1
0.5295080787278534,-0.36411533812153646,0,0,1,0,1,0,0,0,0,1,1,0,1
-0.7964984596904064,-0.4280226074763178,0,0,0,1,1,0,0,0,0,1,1,0,1
-1.0806427179228906,-0.4351958724038953,0,0,0,1,1,0,0,0,0,1,1,0,1
-0.1334951904812765,-0.4280226074763178,1,0,0,1,1,0,0,0,0,1,1,0,1
-0.1334951904812765,-0.4358479873973115,1,0,0,1,0,0,0,0,1,0,0,0,1
-0.1334951904812765,0.033458305684492616,1,0,0,0,1,0,0,0,0,0,1,0,1
-0.038780437737115085,-0.3901999378581819,0,0,0,1,1,0,0,0,0,1,1,0,1
-0.1334951904812765,-0.43247785711133685,1,0,0,1,0,0,0,0,1,0,0,0,1
-0.038780437737115085,0.0401959577964681,0,0,1,0,0,1,0,0,0,1,0,1,1
-0.22820994322543792,-0.2989038387799228,0,0,1,0,1,0,0,0,0,1,1,0,1
4.223383435750149,-0.4351958724038953,0,0,0,1,1,0,0,0,0,1,1,0,1
0.24536382049536917,-0.4280226074763178,0,0,0,1,1,0,0,0,0,1,1,0,1
-1.5542164816436979,-0.44943284694015645,0,0,0,1,0,0,0,0,0,0,0,0,1
1.4766556061694676,-0.4495424022590504,0,0,0,1,0,0,0,0,0,0,0,1,1
-0.1334951904812765,-0.30216441374700354,1,0,1,0,1,0,0,0,0,1,1,0,1
-0.701783706946245,-0.43465331272937313,0,0,0,1,1,0,0,0,0,1,1,0,1
0.5295080787278534,-0.31585882860874237,0,0,1,0,1,0,0,0,1,0,1,0,1
-0.1334951904812765,-0.4358479873973115,1,0,0,1,0,0,0,0,1,0,0,0,1
1.2872261006811447,0.8081709178628625,0,0,0,0,0,1,0,0,0,0,0,1,0
0.055934315007046334,-0.4280226074763178,0,0,0,1,1,0,0,0,0,1,1,0,1
-0.038780437737115085,-0.4280226074763178,0,0,0,1,1,0,0,0,0,1,1,0,1
-0.038780437737115085,-0.4351958724038953,0,0,0,1,1,0,0,0,0,1,1,0,1
-0.1334951904812765,-0.44943284694015645,1,0,0,1,0,0,0,0,0,0,0,1,1
3.1815211555643734,0.0401959577964681,0,0,1,0,1,1,0,0,0,1,1,0,1
-0.1334951904812765,0.46798339347745355,1,0,0,0,1,0,0,0,0,1,1,0,1
-0.22820994322543792,-0.43204485275570853,0,0,0,1,1,0,0,0,0,1,1,0,1
-1.0806427179228906,-0.46193258713395696,0,0,0,1,0,0,0,0,1,0,0,0,1
-0.701783706946245,-0.4351958724038953,0,0,0,1,1,0,0,0,0,1,1,0,1
-1.364786976155375,-0.260971613842893,0,0,0,1,0,1,0,0,0,0,0,1,1
-0.8912132124345679,-0.4312831824433985,0,0,0,1,1,0,0,0,0,1,1,0,1
0.5295080787278534,0.05454248765162312,0,0,0,0,1,0,0,0,0,0,1,0,1
-0.1334951904812765,5.147018026557126,1,0,0,0,1,0,0,0,0,1,1,0,0
-0.5123542014579222,-0.4358479873973115,0,0,0,1,0,0,0,0,1,0,0,0,1
-0.41763944871376074,-0.45410720721296327,0,0,0,1,1,0,0,0,0,1,1,0,1
-0.8912132124345679,-0.4120457901376225,0,0,0,1,0,0,0,0,0,1,0,0,1
0.6242228314720148,0.0401959577964681,0,0,1,0,0,1,0,0,0,1,0,1,1
-0.41763944871376074,0.44657315401361497,0,0,1,0,1,1,0,1,0,0,1,0,1
0.24536382049536917,-0.2858615389116001,0,0,1,0,1,0,0,0,0,1,1,0,1
-0.1334951904812765,-0.4120457901376225,1,0,0,1,1,0,0,0,0,1,1,0,1
0.055934315007046334,-0.36411533812153646,0,0,1,0,1,0,0,0,0,1,1,0,1
-0.32292469596959933,-0.4312831824433985,0,0,0,1,0,0,0,0,0,1,0,0,1
1.4766556061694676,-0.4358479873973115,0,0,0,1,0,0,0,0,0,1,0,0,1
0.7189375842161763,-0.4358479873973115,0,0,0,1,0,0,0,0,1,0,0,0,1
0.15064906775120776,-0.16848084009669556,0,0,0,1,0,1,0,0,0,1,0,1,1
-0.1334951904812765,-0.4280226074763178,1,0,0,1,1,0,0,0,0,1,1,0,1
0.34007857323953056,-0.10131299577483352,0,0,0,1,0,1,0,1,0,1,0,1,1
-1.175357470667052,-0.45399765189406943,0,0,0,1,1,1,0,0,0,1,1,0,1
-0.22820994322543792,0.0401959577964681,0,0,1,0,1,0,0,0,0,1,1,0,1
-0.1334951904812765,-0.47008402455165865,1,0,0,1,1,0,0,0,0,0,1,0,1
0.9083670897044991,0.0401959577964681,0,0,1,0,1,0,0,0,0,1,1,0,1
-0.1334951904812765,-0.44943284694015645,1,0,0,1,1,0,0,0,0,0,1,0,1
-0.32292469596959933,-0.43247785711133685,0,0,0,1,1,0,0,0,1,0,1,0,1
0.8610097133324184,-0.44889028726563424,0,0,0,1,1,0,0,0,0,1,1,0,1
-0.1334951904812765,-0.4358479873973115,1,0,0,1,1,0,0,0,1,0,1,0,1
-0.1334951904812765,-0.4280226074763178,1,0,0,1,1,0,0,0,0,1,1,0,1
0.5295080787278534,4.878889208944201,0,0,0,0,0,0,0,0,0,0,0,0,0
-0.1334951904812765,-0.43204485275570853,1,0,0,1,1,0,0,0,0,1,1,0,1
1.6660851116577904,0.71839555094925,0,0,0,0,1,0,0,0,0,1,1,0,0
-0.6070689542020836,-0.43465331272937313,0,0,0,1,1,0,0,0,0,1,1,0,1
2.707947391843566,0.05454248765162312,0,0,0,0,0,0,0,0,0,1,0,0,0
2.99209165007605,-0.47530094449898774,0,0,0,1,1,0,0,0,0,1,1,0,1
-0.1334951904812765,-0.4358479873973115,1,0,0,1,0,0,0,0,1,0,0,0,1
-0.1334951904812765,-0.44725999978209385,1,0,0,1,1,0,0,0,0,1,1,0,1
-0.5123542014579222,0.6532936069265302,0,0,0,0,0,0,0,0,0,0,0,1,0
1.3819408534253061,-0.2989038387799228,0,0,1,0,1,0,0,0,0,1,1,0,1
-0.7964984596904064,-0.4685632923870122,0,0,0,1,1,1,0,0,0,1,1,0,1
-0.1334951904812765,-0.43204485275570853,1,0,0,1,1,0,0,0,0,1,1,0,1
-0.22820994322543792,-0.43204485275570853,0,0,0,1,1,0,0,0,0,1,1,0,1
-1.0332853415508099,-0.44943284694015645,0,0,0,1,1,0,0,0,0,0,1,0,1
-0.1334951904812765,1.4278966637860067,1,0,0,0,0,0,0,0,0,0,0,1,1
-0.701783706946245,3.3151174547323055,0,0,0,0,0,0,0,0,0,1,0,0,1
-0.6070689542020836,-0.24553996463869357,0,0,1,0,1,0,0,0,0,0,1,0,1
-0.32292469596959933,0.8356666944452608,0,0,0,1,1,0,0,0,0,1,1,0,1
0.34007857323953056,-0.10261722576166582,0,0,0,1,1,1,1,0,0,1,1,0,1
-0.32292469596959933,-0.43204485275570853,0,0,0,1,1,0,0,0,0,1,1,0,1
0.7189375842161763,0.13670897682205627,0,0,0,0,1,0,1,0,0,0,1,0,0
3.8918818011455842,-0.4358479873973115,0,0,0,1,1,0,0,0,1,0,1,0,1
-1.175357470667052,-0.4120457901376225,0,0,0,1,1,0,0,0,0,1,1,0,1
-0.1334951904812765,-0.43204485275570853,1,0,0,1,1,0,0,0,0,1,1,0,1
-0.1334951904812765,-0.43204485275570853,1,0,0,1,1,0,0,0,0,1,1,0,1
-1.364786976155375,-0.4285651671508401,0,0,0,1,0,0,0,0,1,0,0,0,1
-0.22820994322543792,-0.4120457901376225,0,0,0,1,1,0,0,0,0,1,1,0,1
-0.038780437737115085,5.147018026557126,0,0,0,0,0,0,0,0,0,1,0,0,0
-0.1334951904812765,-0.4358479873973115,1,0,0,1,1,0,0,0,1,0,1,0,1
0.6242228314720148,-0.223258499543651,0,0,0,1,0,0,0,1,0,1,0,1,1
-0.1334951904812765,0.1626840212398078,1,0,0,0,1,0,0,0,0,0,1,0,1
0.24536382049536917,-0.4312831824433985,0,0,0,1,1,0,0,0,0,1,1,0,1
0.34007857323953056,1.7096103409417773,0,0,0,0,0,1,0,0,1,0,0,0,0
-2.311934503596989,0.08584400733559765,0,0,1,0,0,1,0,1,0,1,0,0,1
-0.1334951904812765,2.8482031194463517,1,0,0,0,0,1,0,0,0,1,0,1,1
-1.4121443525274557,-0.260971613842893,0,0,0,1,0,1,0,0,0,0,0,0,1
-0.1334951904812765,-0.260971613842893,1,0,0,1,0,1,0,0,0,0,0,1,1
-0.8912132124345679,-0.5333391789130238,0,0,0,1,1,0,0,0,0,0,1,0,1
-0.1334951904812765,-0.4358479873973115,1,0,0,1,0,0,0,0,1,0,0,0,1
-0.41763944871376074,0.0401959577964681,0,0,0,0,1,0,0,0,0,0,1,0,1
-0.5123542014579222,-0.4120457901376225,0,0,0,1,1,0,0,0,0,1,1,0,1
0.5295080787278534,1.5394083276601656,0,0,0,0,0,1,0,0,0,1,0,1,0
1.3819408534253061,-0.4280226074763178,0,0,0,1,1,0,0,0,0,1,1,0,1
-0.7964984596904064,-0.4120457901376225,0,0,0,1,0,0,0,0,0,1,0,0,1
-0.1334951904812765,-0.11718025779463495,1,0,0,1,1,1,0,0,0,1,1,0,1
-0.32292469596959933,-0.4351958724038953,0,0,0,1,1,0,0,0,0,1,1,0,1
-0.32292469596959933,-0.2858615389116001,0,0,1,0,0,0,0,0,0,1,0,0,1
-0.7964984596904064,-0.43204485275570853,0,0,0,1,1,0,0,0,0,1,1,0,1
2.707947391843566,3.36500425172864,0,0,0,0,0,0,1,0,0,1,0,1,0
-0.1334951904812765,-0.2623853991486192,0,0,0,1,0,1,1,0,0,1,0,1,1
-0.1334951904812765,-0.43486981490718735,1,0,0,1,0,0,0,0,1,0,0,0,1
0.055934315007046334,-0.011973241676822817,0,0,1,0,1,1,0,0,0,0,1,0,1
0.9083670897044991,4.874650461486995,0,0,0,0,0,0,0,0,0,1,0,0,1
1.9502293698902746,-0.2989038387799228,0,0,1,0,1,0,0,0,0,1,1,0,1
-1.0806427179228906,-0.44943284694015645,0,0,0,1,0,0,0,0,0,0,0,1,1
-0.1334951904812765,-0.2336923394383092,1,0,0,1,0,1,0,0,1,0,0,0,1
0.9083670897044991,2.2543428626220656,0,0,0,0,0,1,1,0,0,0,0,1,0
-0.5123542014579222,-0.4351958724038953,0,0,0,1,1,0,0,0,0,1,1,0,1
3.1815211555643734,5.147018026557126,0,0,0,0,0,1,0,0,0,1,0,1,0
1.9502293698902746,0.0401959577964681,0,0,1,0,1,1,0,0,0,1,1,0,1
1.9502293698902746,-0.25977693917495465,0,0,0,1,1,1,0,0,0,1,1,0,1
0.055934315007046334,3.662478244045292,0,0,0,0,0,0,0,0,0,1,0,0,0
0.6242228314720148,-0.44889028726563424,0,0,0,1,1,0,0,0,0,1,1,0,1
-1.0806427179228906,5.296894919723944,0,0,0,0,0,1,0,0,0,0,0,1,0
-0.1334951904812765,-0.4280226074763178,1,0,0,1,0,0,0,0,0,1,0,0,1
-0.701783706946245,-0.4358479873973115,0,0,0,1,0,0,0,0,0,1,0,0,1
0.055934315007046334,-0.3125982536416617,0,0,0,1,0,0,0,0,0,1,0,0,1
-1.0806427179228906,-0.4351958724038953,0,0,0,1,0,0,0,0,0,1,0,0,1
-0.1334951904812765,-0.44889028726563424,1,0,0,1,1,0,0,0,0,1,1,0,1
-0.7964984596904064,-0.4345437574104792,0,0,0,1,1,0,0,0,0,1,1,0,1
3.3709506610526963,-0.4358479873973115,0,0,0,1,1,0,0,0,1,0,1,0,1
0.055934315007046334,-0.31585882860874237,0,0,1,0,0,0,0,0,1,0,0,0,1
0.055934315007046334,0.8683819994349614,0,0,0,0,1,1,0,0,0,0,1,0,0
1.3819408534253061,-0.2180415795963219,0,0,0,1,1,0,1,0,0,1,1,0,1
3.4656654137968577,-0.36411533812153646,0,0,1,0,1,0,0,0,0,1,1,0,1
-0.1334951904812765,-0.43617404489401956,1,0,0,1,1,0,0,0,1,0,1,0,1
1.7607998644019518,2.1380498916161788,0,0,0,0,0,1,0,0,0,0,0,1,0
-2.0277902453645047,0.04671710773062946,0,0,1,0,0,0,0,1,0,1,0,0,1
-0.701783706946245,0.9114215890004262,0,0,0,0,0,0,1,0,0,0,0,0,1
1.1925113479369833,5.296894919723944,0,0,0,0,0,0,0,0,0,0,0,0,1
0.15064906775120776,-0.4312831824433985,0,0,0,1,1,0,0,0,0,1,1,0,1
-0.41763944871376074,-0.2989038387799228,0,0,1,0,1,0,0,0,0,1,1,0,1
-0.41763944871376074,0.14453435674304993,0,0,1,0,0,1,1,0,0,1,0,0,1
-0.7964984596904064,-0.338030738384891,0,0,1,0,1,0,0,0,0,1,1,0,1
0.9083670897044991,-0.28803438606966264,0,0,0,1,1,0,1,0,0,0,1,0,1
0.7189375842161763,0.0401959577964681,0,0,1,0,1,1,0,0,0,1,1,0,1
-0.1334951904812765,-0.44106490734464054,1,0,0,1,1,0,0,0,0,1,1,0,1
1.7607998644019518,0.32060540496540674,0,0,1,0,0,0,0,1,0,1,0,1,1
-0.1334951904812765,-0.43204485275570853,1,0,0,1,1,0,0,0,0,0,1,0,1
-0.1334951904812765,0.0401959577964681,1,0,0,0,1,0,0,0,0,1,1,0,1
-0.701783706946245,-0.44889028726563424,0,0,0,1,1,0,0,0,0,1,1,0,1
1.9502293698902746,0.11095043458211885,0,0,0,0,0,0,0,0,0,0,0,0,0
0.055934315007046334,-0.2989038387799228,0,0,1,0,0,0,0,0,0,1,0,0,1
-0.1334951904812765,0.0401959577964681,0,0,1,0,0,1,0,0,0,1,0,1,1
0.24536382049536917,-0.4312831824433985,0,0,0,1,1,0,0,0,0,1,1,0,1
-1.0806427179228906,-0.4280226074763178,0,0,0,1,1,0,0,0,0,1,1,0,1
-1.175357470667052,-0.44943284694015645,0,0,0,1,1,1,1,0,0,0,1,0,1
-0.1334951904812765,-0.4363905470718337,1,0,0,1,1,0,0,0,1,0,1,0,1
-0.7964984596904064,-0.4312831824433985,0,0,0,1,1,0,0,0,0,1,1,0,1
1.2872261006811447,-0.4697579670549506,0,0,0,1,1,0,0,0,0,1,1,0,1
-0.1334951904812765,0.8356666944452608,0,0,0,1,1,0,0,0,0,1,1,0,1
-0.1334951904812765,-0.4351958724038953,1,0,0,1,1,0,0,0,0,1,1,0,1
-0.1334951904812765,-0.2336923394383092,1,0,0,1,0,1,0,0,1,0,0,1,1
0.9083670897044991,-0.008060551716326036,0,0,0,1,1,0,0,0,0,1,1,0,1
1.2872261006811447,-0.43204485275570853,0,0,0,1,1,0,0,0,0,1,1,0,1
-0.1334951904812765,-0.011973241676822817,0,0,1,0,0,1,0,0,0,0,0,1,1
-0.1334951904812765,1.505388792683633,0,0,0,0,1,1,0,0,0,0,1,0,1
0.9083670897044991,1.2213927130509052,0,0,0,0,1,1,0,0,0,0,1,0,0
-0.8912132124345679,-0.43312997210475307,0,0,0,1,1,0,0,0,0,1,1,0,1
-0.7964984596904064,-0.38172244294377217,0,0,0,1,0,1,0,0,0,1,0,0,1
-2.2172197508528275,0.2227881559529863,0,0,1,0,0,0,1,0,0,1,0,0,1
-0.5123542014579222,-0.4358479873973115,0,0,0,1,0,0,0,0,1,0,0,0,1
0.5295080787278534,0.8683819994349614,0,0,0,0,0,1,0,0,0,0,0,1,0
0.434793325983692,-0.4685632923870122,0,0,0,1,1,0,0,0,0,1,1,0,1
1.6660851116577904,-0.4032422377265047,0,0,0,1,1,0,0,0,0,1,1,0,1
-0.0861378141091958,-0.44943284694015645,0,0,0,1,1,0,0,0,0,0,1,0,1
-0.1334951904812765,-0.2989038387799228,0,0,1,0,0,0,0,0,0,1,0,0,1
-0.1334951904812765,-0.2180415795963219,1,0,0,1,1,1,0,0,0,1,1,0,1
-0.1334951904812765,-0.4358479873973115,1,0,0,1,0,0,0,0,1,0,0,0,1
-0.1334951904812765,-0.45671566718662787,1,0,0,1,1,0,0,0,1,0,1,0,1
0.5295080787278534,2.8999367061040404,0,0,0,0,0,0,0,0,0,1,0,0,0
-0.1334951904812765,-0.45410720721296327,1,0,0,1,1,0,0,0,0,1,1,0,1
-1.2700722234112134,-0.36411533812153646,0,0,1,0,1,0,0,0,0,1,1,0,1
-0.7964984596904064,-0.4351958724038953,0,0,0,1,1,0,0,0,0,1,1,0,1
0.24536382049536917,0.8356666944452608,0,0,0,1,1,0,0,0,0,1,1,0,1
0.6242228314720148,-0.36411533812153646,0,0,1,0,1,0,0,0,0,1,1,0,1
0.434793325983692,-0.09022704088675919,0,0,1,0,1,1,0,0,0,1,1,0,1
0.055934315007046334,-0.4120457901376225,0,0,0,1,0,0,0,0,0,1,0,0,1
0.434793325983692,-0.2989038387799228,0,0,1,0,1,0,0,0,0,1,1,0,1
-1.175357470667052,-0.4521508622327149,0,0,0,1,1,0,0,0,0,1,1,0,1
1.0504392188207412,-0.4358479873973115,0,0,0,1,1,0,0,0,1,0,1,0,1
0.8136523369603377,-0.44943284694015645,0,0,0,1,0,0,0,0,0,0,0,1,1
-0.701783706946245,-0.44943284694015645,0,0,0,1,1,0,0,0,0,0,1,0,1
-0.7964984596904064,-0.43312997210475307,0,0,0,1,1,0,0,0,0,1,1,0,1
0.6242228314720148,-0.2989038387799228,0,0,1,0,1,0,0,0,0,1,1,0,1
-0.1334951904812765,-0.43247785711133685,1,0,0,1,1,0,0,0,0,1,1,0,1
-0.9859279651787293,-0.4280226074763178,0,0,0,1,1,0,0,0,0,1,1,0,1
-0.32292469596959933,2.9298270489422626,0,0,0,0,0,1,0,0,0,0,0,1,0
-0.5123542014579222,-0.22456272953048328,0,0,0,1,0,1,0,0,0,1,0,1,1
0.434793325983692,-0.2989038387799228,0,0,1,0,1,0,0,0,0,1,1,0,1
-0.32292469596959933,-0.43312997210475307,0,0,0,1,1,1,0,0,0,1,1,0,1
-0.22820994322543792,0.15757665661137266,0,0,0,0,1,0,0,0,0,1,1,0,1
1.9502293698902746,-0.36411533812153646,0,0,1,0,0,0,0,0,0,1,0,0,1
-0.1334951904812765,-0.26086466698397276,1,0,0,1,1,1,0,0,0,0,1,0,1
1.9502293698902746,4.878889208944201,0,0,0,0,0,1,1,0,0,0,0,1,0
1.1925113479369833,-0.44106490734464054,0,0,0,1,1,0,0,0,0,1,1,0,1
0.15064906775120776,-0.4115032304631003,0,0,0,1,0,0,0,0,0,1,0,1,1
-0.5123542014579222,-0.2989038387799228,0,0,1,0,0,0,0,0,0,1,0,1,1
-0.1334951904812765,-0.4351958724038953,1,0,0,1,1,0,0,0,0,1,1,0,1
-2.7697193180353445,-0.10131299577483352,0,0,0,1,0,1,0,1,0,1,0,0,1
-0.1334951904812765,-0.4280226074763178,1,0,0,1,1,0,0,0,0,1,1,0,1
-0.1334951904812765,-0.43628360021291346,1,0,0,1,0,0,0,0,1,0,0,0,1
-0.8912132124345679,0.32060540496540674,0,0,1,0,0,0,0,0,0,1,0,0,1
0.24536382049536917,-0.2336923394383092,0,0,0,1,0,1,1,0,1,0,0,1,1
